{
  "buildCommand": "pnpm build",
  "outputDirectory": "dist",
  "devCommand": "pnpm dev",
  "installCommand": "pnpm install",
  "framework": "other",
  "env": {
    "DATABASE_URL": "@database_url",
    "JWT_SECRET": "@jwt_secret",
    "VITE_APP_ID": "@vite_app_id",
    "OAUTH_SERVER_URL": "@oauth_server_url",
    "VITE_OAUTH_PORTAL_URL": "@vite_oauth_portal_url",
    "OWNER_NAME": "@owner_name",
    "OWNER_OPEN_ID": "@owner_open_id",
    "BUILT_IN_FORGE_API_URL": "@built_in_forge_api_url",
    "BUILT_IN_FORGE_API_KEY": "@built_in_forge_api_key",
    "VITE_FRONTEND_FORGE_API_KEY": "@vite_frontend_forge_api_key",
    "VITE_FRONTEND_FORGE_API_URL": "@vite_frontend_forge_api_url",
    "NODE_ENV": "production"
  },
  "functions": {
    "server/_core/index.ts": {
      "memory": 1024,
      "maxDuration": 60
    }
  }
}
